,experience,test_score(out of 10),interview_score(out of 10),Predicted salary
0,14,10,10,97628.09315866086
1,2,8,7,53565.50218340611
2,1,10,9,58854.439592430856
3,3,10,7,60069.86899563319
4,4,5,8,55859.53420669578
5,6,8,6,62612.08151382824
6,10,7,7,74223.43522561865
7,6,9,9,71073.50800582243
